"Glycolysis","OxPhos","Fatty_Acid_Oxidation"
0.880947540487242,0.926439446015514,0.39845435302869
